{"cameraMode":{"drawMode":0,"name":"Shaded","section":"Shading Mode"},"sceneLighting":false,"audioPlay":false,"sceneViewState":{"showFog":false,"showMaterialUpdate":false,"showSkybox":false,"showFlares":false,"showImageEffects":false,"showParticleSystems":false},"in2DMode":false,"pivot":{"x":7.955390930175781,"y":0.11288022994995117,"z":-2.552837371826172},"rotation":{"x":-0.1604769080877304,"y":-0.30902066826820376,"z":0.052986033260822299,"w":-0.9359402060508728},"size":28.838176727294923,"orthographic":false}